id,text,author,creation_date,favorites,retweets,upvotes,average_favorites,max_favorites,average_retweets,max_retweets,average_upvotes,max_upvotes,follower_count,account_creation_date,type,answer1,answer2,answer3,alex_score,pat_score,average
145320,A hole was found in the wall of a nudist camp... ||| Police are looking into it.,JasperY14,2013-03-23,0,0,21,0,0,0,0,166.82814485387547,10017,0,0,1,1,2,2,0,0,1.0
148848,"A young boat dock is caught smoking ||| A young boat dock is caught smoking by his mother.  When his father gets home the parents stand over the little boat dock lecturing him on the dangers of smoking.  ""What do you have to say for yourself?""  The little boat dock replies, ""It was pier pressure.""

",Sbatio,2013-06-05,0,0,9,0,0,0,0,166.82814485387547,10017,0,0,1,2,1,1,0,0,0.0
183627,I recently got a job circumcising elephants ||| the pay is terrible but the TIPS ARE HUGE!,readdit1,2014-11-16,0,0,141,0,0,0,0,166.82814485387547,10017,0,0,1,2,0,2,0,0,0.0
170599,"Little Johnny in creative writing ||| The teacher start creative writing class by saying, ""Today I want you to write a sentence that uses the word 'beautiful' twice"". 

Susie goes first: ""My mom bought me a beautiful dress and I look beautiful in it.""

Next, the teacher calls on Mary: ""Today is a beautiful sunny day, helping the beautiful flowers to grow.""

Thinking, ""Little Johnny can't possibly make this ugly"", the teacher calls on him. Little Johnny says, ""Last night at dinner my sister told us she is pregnant and my Dad said, 'Beautiful. Just fucking beautiful.'""",casuallylurking,2014-08-09,0,0,77,0,0,0,0,166.82814485387547,10017,0,0,1,1,1,1,0,0,0.0
140425,What's E.T. short for? ||| So he can fit in his spaceship.,furdlur,2015-12-30,0,0,4282,0,0,0,0,166.82814485387547,10017,0,0,1,1,1,1,0,0,0.0
145943,"Two scientists walk into a bar... ||| Two scientists walk into a bar. The first asks for H2O. The second asks for H2O, too. The second man dies.",LiarsAsylum,2013-04-06,0,0,20,0,0,0,0,166.82814485387547,10017,0,0,1,1,1,1,0,0,0.0
187514,"Annoying Husband ||| An old man and woman were married for many years, even though they hated each other.
 
When they had a confrontation, screaming and yelling could  heard deep into the night the old man would shout,""When I die, I will dig my way up and out of the grave and comeback and haunt you for the rest of your life.""

 Neighbours feared him.They believed he practised black magic, because of the many strange occurrences that took place in their neighbourhood.

 The old man liked the  fact that he was feared. To everyone's relief, be died of a heart attack  when he was 68. 
  
His wife had a closed casket at the wake. After the burial, she went straight to the local bar and began to party, as if there was no tomorrow. 
  
Her neighbours, concerned for her safety asked. ""Aren't you afraid that he may indeed be able to dig his way up and out of the grave and come hack to haunt you for the rest of your life?""
 
The wife put  down her drink and said, ""Let him dig. I had him buried upside down.""
",bcrdi,2014-12-11,0,0,63,0,0,0,0,166.82814485387547,10017,0,0,1,1,1,1,0,0,0.0
141362,"Baseball ||| Two old friends in their 80's John and Frank grew up together and always loved baseball since they were young. They went to the park everyday to feed the bids and talk about baseball. 

One day, John turns to Frank and says, ""Frank, do you think there is baseball in heaven?""

John think for a second then says, ""Well how about this. Whichever one of us dies first will find out if there is 
baseball in heaven, then come back as a ghost to tell the other one.""

Frank agrees to this and they continue to feed the birds and talk.

Sadly, a few weeks later, Frank dies of a heart attack. 

John kept going to the park to feed the birds, only now, he did it alone. After a few days, he hears a voice, ""Joooooohn. Jooooooohn.""

John is surprised at first, but then says, ""Frank? Is that you?""

Frank responds, ""Yeeesss. I've come back with good news and bad news.""

John asks, ""Oh my god Frank! I've missed you so much! What's the good news?""

Frank responds, ""The good news is that there is baseball in heaven.""

John says, ""Oh my god, that's amazing! What could possibly be the bad news?""

Frank says, ""You're pitching on Friday.""",Googleflax,2013-01-04,0,0,44,0,0,0,0,166.82814485387547,10017,0,0,1,2,-1,1,0,0,0.0
188499,"An old Cuban joke that will soon no longer make sense ||| One Cuban young woman complains to another. “He lied to me! He told me that he was a luggage handler! It turns out, he’s nothing but a neurosurgeon!""",davidjricardo,2014-12-17,0,0,0,0,0,0,0,166.82814485387547,10017,0,0,1,1,1,0,0,0,0.0
46802,I need to know what Millenials think about this before I make up my mind,froghammer,2014-11-07 17:59:18,14,2,0,51.491147540983604,20607,19.249180327868853,13973,0,0,12502,2010-12-09 07:39:01,0,1,1,0,0,0,0.0
164679,"A man walks along a beach in Hawaii when he finds a lamp. ||| He picks it up and brushes it off, when a genie pops up! He says,
""My good man, thank you for freeing me from this lamp. As a token of my gratitude, you can have three wishes from me.""

The man is elated. ""I wish I could have a Ferrari!"" The genie snaps his fingers and a shiny red Ferrari materializes in front of him. The man, delighted by his lucky turn in life, excitedly says, ""I wish to be a billionaire!"" The genie once again makes it so.

The man, now decked in the finest suit money could buy (inevitably to be coated with sand anyway), scans the secluded beach and says, ""Genie, you have given me everything I ever wanted. But one thing I'd like is a road connecting California to Hawaii.""

The genie looks dismayed. ""Look man, that's really difficult for me to do. That's like 2000 miles, plus there's the water to deal with, so it would be almost impossible. Is there anything else you might want?""

Just then, a beautiful woman comes strolling down the beach in the opposite direction. The man quickly turns to the genie before she comes closer and says, ""I have never been good with the opposite sex. Make me understand women! Help me understand exactly what goes on in their heads, what really makes them tick. All the money and Ferraris in the world could not make me any better at that. Yes, that's what I want.""

The genie thinks about it for a moment, then asks, ""Do you want two lanes or four?""",deltaairlines95,2014-06-01,0,0,141,0,0,0,0,166.82814485387547,10017,0,0,1,-1,1,2,0,0,0.0
140947,"The CEOs of Budweiser, Coors, Killian's, and Guinness walk into a bar.... ||| ...and the bartender takes orders. The CEO of Budweiser says ""I'll take a Bud Light. It's crisp, refreshing, and doesn't hurt the budget!"" 

The bartender moves down the line. The CEO of Coors says ""I'll take a Coors light. It's colder, even more refreshing, and won't give you a beer gut!"" 

The bartender moves down the line. The CEO of Killian's says ""These guys are amateurs, give me a Killian's Irish Red. It's smooth, flavorful, and distinct!"" 

The bartender moves down the line. The CEO of Guinness says ""I'll have a water."" 

The others give a confused look. The bartender says ""but... why aren't you ordering a beer?"" 

He responds, ""well, nobody else did."" ",SteveTenants,2014-05-30,0,0,3164,0,0,0,0,166.82814485387547,10017,0,0,1,-2,2,2,0,0,0.0
170262,"Two hunters.. ||| Two hunters are out in the woods when one of them collapses. He doesn't seem to be breathing and his eyes are glazed. The other guy whips out his phone and calls the emergency services. He gasps, ""My friend is dead! What can I do?"" The operator says ""Calm down. I can help. First, let's make sure he's dead."" There is a silence, then a gun shot is heard. Back on the phone, the guy says ""OK, now what?""


Sorry if repost",azazrel,2014-08-06,0,0,58,0,0,0,0,166.82814485387547,10017,0,0,1,-1,1,2,0,0,0.0
188884,"Sex Education ||| Two boys get their report cards and notice that they both got Fs from their sex education teacher.

""I can’t believe we failed sex ed,"" says the first boy. ""My dad’s gonna kill me."" 

""I know,"" says the other. ""I’m so mad I could kick Mrs. Wilson in the nuts!""",JokeMinder,2014-12-20,0,0,102,0,0,0,0,166.82814485387547,10017,0,0,1,0,1,1,0,0,0.0
176090,"A man goes into heaven... ||| ...he sees a lot of clock's and asks what they're for.

Jesus says, ""These are lying clocks. If a person tells a lie the minute hand moves."" 

Jesus points to one clock and says, ""This is Abraham Lincoln's clock, the hands have only moved a bit.""

Jesus points to another clock and says, ""This is my Mother's clock, it has never moved since she has never told a lie.""

Suddenly the man asks where George Bush has his clock. 

Jesus says, ""It used to be in my office for a fan.""

The man asks why it's not his fan anymore.

Jesus answers, ""We're using Obama's for a generator to get the Air Conditioning going.""",scor910n5,2014-09-21,0,0,52,0,0,0,0,166.82814485387547,10017,0,0,1,-1,1,2,0,0,0.0
142080,"A blonde, a brunette, and a redhead walk into a bar... ||| And the bartender says, ""What is this, some kind of joke?""",JeffSachs,2013-01-17,0,0,0,0,0,0,0,166.82814485387547,10017,0,0,1,1,0,1,0,0,0.0
168730,Whats the difference between Yoghurt and the USA? ||| Yoghurt has a culture.,PM_ME_YOUR_BUTTCHEEK,2014-07-21,0,0,0,0,0,0,0,166.82814485387547,10017,0,0,1,-1,1,1,0,0,0.0
165248,"Three nuns die and get to the gate of heaven... |||  ..guarded by st. Petrus. He says: in order to enter the gates of heaven, each of you have to answer a question to prove your knowledge about the holy father and his reign. So he asks the first nun: who was he first man on earth? She answers: oh, that's an easy one! It was adam.
 
And the angels sing and the doors open and she enters into heaven.

So st. Petrus asks the second nun: who was the first woman on earth? She answers: oh, thats an easy one! It was eve.

And the angels sing and the doors open and she enters into heaven.

And st. Petrus asks the third nun: what was the first thing that eve said to adam?
She answers: oh... Thats a hard one!

And the angels sing and the doors open and she enters into heaven.",Meepro,2014-06-07,0,0,103,0,0,0,0,166.82814485387547,10017,0,0,1,-1,1,1,0,0,0.0
166381,"A young boy goes to his father and says ""Dad, I think my gym teacher is gay"". ||| His father says ""Why do think that?""
The boy responds ""Because he closes his eyes when he kisses me."" ",Mx-yz-pt-lk,2014-06-22,0,0,35,0,0,0,0,166.82814485387547,10017,0,0,1,-1,1,1,0,0,0.0
167421,Why was Anakin Skywalker king of the pub crawl? ||| Because he killed all the Yuenglings.,PointOfRecklessness,2014-07-06,0,0,0,0,0,0,0,166.82814485387547,10017,0,0,1,-2,2,1,0,0,0.0
176400,Why did Beethoven love playing low notes. ||| Higher notes weren't worth the the treble.,zeusck980,2014-09-23,0,0,1,0,0,0,0,166.82814485387547,10017,0,0,1,1,-1,1,0,0,0.0
184416,A man's penis enters the Guinness Book of Records... ||| then the librarian told him to take it out.,Yuzrii,2014-11-21,0,0,18,0,0,0,0,166.82814485387547,10017,0,0,1,-1,1,1,0,0,0.0
180797,"My coworker asked me what I'd bring to our Halloween potluck... ||| She told me anything would be good besides dessert because everyone was bringing some. I told her I already had cookies in mind and she shot it down instantly asking instead that I bring an entre. So I turned around with a straight face and replied ""But cookies are on trays.""",PresidentCooz,2014-10-25,0,0,2,0,0,0,0,166.82814485387547,10017,0,0,1,-1,1,1,0,0,0.0
169861,"Three men wash up on a beach on an island.... ||| And they decided to explore. They quickly encountered a tribe of cannibals and were caught quickly. The cannibals brought the three men back to the their village and the chieftain told them, ""Go into the forest and bring back 10 of any fruit, if you try to escape, I will find you, and I will eat you"". So the three men scrawled into the forest and searched for fruit. One of them came back with 10 apples and the chieftain said, ""If you  make any emotion while we shove the 10 pieces of fruit you brought up your anus, we will kill you then eat you"". The cannibals managed to shove 9 apples up the guys rectum before he screeched in pure agony, so the cannibals killed him and ate him. Another one of the men returned with 10 grapes. The chieftain told what he had said to the first guy and proceeded to shove the grapes up his anus. On the 9th grape, the man bursted out laughing, and the chieftain asked why he laughed like a retarded baboon on speed. The man said, with tears in his eyes, ""The last man brought back 10 pineapples"".

Edit: spelling.",MrCuriousCat,2014-08-02,0,0,0,0,0,0,0,166.82814485387547,10017,0,0,1,-2,2,1,0,0,0.0
153158,"A guy goes to the store to buy condoms... ||| ... He walks up to the lady at the register and says: ""Give me a pack of condoms, please."" The lady says: ""Sure, do you need a grocery bag with that?"" The guy looks at her and says: ""No thank you, this time she isn't that ugly.""",LarperPro,2013-09-08,0,0,143,0,0,0,0,166.82814485387547,10017,0,0,1,-2,2,1,0,0,0.0
144486,"The monkey's balls. ||| A man stops in a little town after a long drive, looking for a place to have a big cold glass of beer. He goes onto the local bar, which is completely empty, except for a blind pianist, who is playing some ragtime tunes. he sits down at the bar, and from the back a bartender appears.

""What do you  want?"" the bartender asks rather hostile.

""I'd like a big, cold glass of beer please"".

Without another word, the bartender pours him a large beer, slams it on the bar and   returns to the back. All the while the blind piano player is still playing on this old worn down honky-tonk piano. 

Then, as the man picks up his glass to have a drink, from behind the bar comes a little monkey, that jumps onto the bar, gets on the edge of the glass and starts washing its balls in the beer.

This goes on for about 5 seconds. The monkey jumps off the glass and disappears behind the bar again.

The guy can hardly believe what just happened and looks around if anybody else saw this, but it's only him and the blind piano player.

So he walks over to the piano, and says to the guy:

""Do you know there was a monkey on my glass washing his balls in my beer?.""

The pianist stops playing, pauses for a moment and says:

""The lyrics sound familiar, but i can't remember the melody.""",Toberoni,2013-03-05,0,0,35,0,0,0,0,166.82814485387547,10017,0,0,1,-2,2,1,0,0,0.0
146834,I was going to make a terrific joke about a bank... ||| ..but then I lost interest.,peelandeatbananas,2013-04-24,0,0,16,0,0,0,0,166.82814485387547,10017,0,0,1,-2,1,1,0,0,0.0
178336,"I do whatever I can to fight poverty ||| So the other day, I punched a tramp

(Courtesy of Milton Jones)",lord_dong,2014-10-08,0,0,0,0,0,0,0,166.82814485387547,10017,0,0,1,-2,0,2,0,0,0.0
146812,What does the Scottish man say after love making? ||| I love ewe!,TheChasen,2013-04-24,0,0,1,0,0,0,0,166.82814485387547,10017,0,0,1,-1,0,1,0,0,0.0
148260,"A busload of politicians were driving down a country road... ||| ...when the bus suddenly ran off the road and crashed into an old farmer's field.

The old farmer heard the tragic crash so he rushed over to investigate. He then began digging a large grave to bury the politicians.

A few hours later, the local sheriff was driving past the farmer's field and noticed the bus wreck. He approached the old farmer and asked where all the politicians had gone. The old farmer explained that he'd gone ahead and buried all of them. ""Were they ALL dead?"" asked the puzzled sheriff. ""Well, some of them said they weren't,"" said the old farmer, ""but you know how them politicians lie.""",Tronald2,2013-05-23,0,0,101,0,0,0,0,166.82814485387547,10017,0,0,1,-2,1,1,0,0,0.0
157510,"A nurse takes a rectal thermometer out of her pocket... |||  She sees it and says, ""Oh dammit, some asshole took my pen.""",IamnotJamesFranco,2013-12-27,0,0,210,0,0,0,0,166.82814485387547,10017,0,0,1,-2,1,1,0,0,0.0
160741,Ever hear about the Latino doctor that collects inkwells? ||| Nobody expects the Spanish ink physician.,Joe4422,2014-03-19,0,0,2,0,0,0,0,166.82814485387547,10017,0,0,1,-2,2,0,0,0,0.0
97476,"everyone: how long have you been single 

me: birth",pakalupapito,2015-10-17 14:11:10,8188,6038,0,4901.15602189781,97798,4563.639598540146,97626,0,0,1494799,2013-07-10 06:20:32,0,-2,1,1,0,0,0.0
180438,"A party was held for current and former actors where you had to come as your favourite musician. When Arnold Schwarzenegger was asked what he was going to wear, his response was ||| I'll be Bach",mex4,2014-10-23,0,0,2,0,0,0,0,166.82814485387547,10017,0,0,1,-2,1,1,0,0,0.0
165575,Why do you never see elephants hiding in trees? ||| They are really good at it.,itstimetonap,2014-06-12,0,0,1920,0,0,0,0,166.82814485387547,10017,0,0,1,0,-2,2,0,0,0.0
189238,I've got my fingers in many pies ||| Which is why I lost my job as a waiter.,pteje,2014-12-22,0,0,1,0,0,0,0,166.82814485387547,10017,0,0,1,-1,0,1,0,0,0.0
162262,If you wear a radioactive belt... ||| ...you end up with nuclear waist.,JustinJamm,2014-04-24,0,0,22,0,0,0,0,166.82814485387547,10017,0,0,1,1,-2,1,0,0,0.0
164951,I started reading a book about anti-gravity... ||| ...now I can't put it down.,SteveTenants,2014-06-04,0,0,1,0,0,0,0,166.82814485387547,10017,0,0,1,-2,1,1,0,0,0.0
181297,"New motorcycle ||| Credit to Bob Zany (I believe). I heard this on the Bob and Tom show this morning. This won't be exactly how he told it but it should be close.

A guy buys a himself a motorcycle from his neighbor. The neighbor tells him that he needs to rub Vaseline over the motorcycle before it rains or it will rust and fall apart. He thinks this is strange but believes the neighbor and goes along with his day.

Later that day he rides his motorcycle to his girlfriend's house for dinner with her parents. Before dinner, his girlfriend tells him that they have a rule in their house, the first person to talk during dinner has to clean the dishes. He walks through the kitchen and sees all of the dirty dishes that had been piling up for weeks.

Dinner starts and he notices no one is saying a word. So the guy was looking at his girlfriend, and being a horny young man, grabs his girlfriend, rips her clothes off, and bangs her on the dinner table in front of everyone. Nobody says a word.

10 minutes later and still nobody is talking. So he looks at the mother and starts to get horny again. This time he grabs the mother, rips her clothes off, and bangs her on the dinner table in front of everyone. Nobody says a word.

Suddenly he looks outside and notices it is starting to rain. In a panic he quickly grabs a jar of Vaseline from his bag and sets it on the table. Then the dad yells, ""Fine, I'll do the damn dishes.""",Rylon2008,2014-10-29,0,0,206,0,0,0,0,166.82814485387547,10017,0,0,1,-2,1,1,0,0,0.0
187982,"Rednecks at the Pearly Gates |||  Three rednecks in Arkansas are out drinking and four wheeling on Christmas Eve. They get drunk as a skunk, hit a tree, and all die and immediately go to heaven.

Saint Peter meets them at the Pearly Gates and tells them that unless they have something on their person that can correspond to the Christmas spirit, they're doomed.

The first fella easily pulls out a set of keys and jingles them around & says, ""These are the bells of Christmas!""

Saint Peter nods and says, ""Enter!""

The second redneck looks a little panicked but pulls out a Bic lighter and says, *flick* ""This is the Light of the World!""

Saint Peter says, ""I see what you did there. Enter into your rest.""

The last fella is in a full on freak out, red faced and panicked. But the light bulb goes on and he reaches into his back pocket and produces a pair of women's undies. 

He looks pleased with himself and twirls them around on his finger.

Saint Peter says, ""What in the world does this have to do with the Christmas spirit?""

The redneck replied, ""These are Carol's.""",Soonerfan32,2014-12-14,0,0,113,0,0,0,0,166.82814485387547,10017,0,0,1,-2,1,1,0,0,0.0
145001,"Four Catholic ladies are having coffee together... ||| ....discussing how important their children are.

The first one tells her friends, My son is a priest. When he walks into a room, everyone calls him Father

The second Catholic woman chirps, Well, my son is a bishop. Whenever he walks into a room, people say, Your Grace

The third Catholic woman says smugly, Well, not to put you down, but my son is a cardinal. Whenever he walks into a room, people say, Your Eminence.

The fourth Catholic woman sips her coffee in silence. The first three women giver her this subtle.. Well?

She replies, My son is a gorgeous, 6' 2""; hard-bodied, well-hung, male stripper. Whenever he walks into a room, women just say, Oh my God.",yoshitoshit,2013-03-16,0,0,14,0,0,0,0,166.82814485387547,10017,0,0,1,-1,1,0,0,0,0.0
188937,"My landlord wanted to come talk to me about the high heating bill ||| I told him, ""My door is always open"".",DrDalenQuaice,2014-12-20,0,0,354,0,0,0,0,166.82814485387547,10017,0,0,1,-2,1,1,0,0,0.0
175839,"I like my women like quality agronomy soil... ||| ..good penetration to 8"", bare surface, and minimal crust.",chartreuse_chimay,2014-09-19,0,0,8,0,0,0,0,166.82814485387547,10017,0,0,1,-1,-1,2,0,0,0.0
158496,"Are there holes in your socks? ||| No?

Then how do you put them on?",strumpster,2014-01-23,0,0,10,0,0,0,0,166.82814485387547,10017,0,0,1,0,-2,2,0,0,0.0
181221,"The last time I stayed in a hotel I asked for a wake up call. ||| So the next morning the front desk called me and asked ""What are you doing with your life?""

""I'm up.""",nofuneral,2014-10-29,0,0,19,0,0,0,0,166.82814485387547,10017,0,0,1,1,-2,1,0,0,0.0
107220,If you guys love super slow coach's pitch style softball then youre gonna love tonights #GOPDebate on FOX Business Network!,roryscovel,2015-11-10 19:20:29,24,5,0,40.28069093152375,678,9.666872301048736,321,0,0,52552,2009-10-30 17:55:05,0,1,-2,1,0,0,0.0
180018,"Crowbar from sears ||| There was this little guy sitting in a bar, drinking his beer, minding his own business when all of a sudden this great big dude comes in and—Whack!—knocks him off the bar stool and onto the floor. The big dude says, “That was a karate chop from Korea.”

The little guy thinks “Geez,” but he gets back up on the stool and starts drinking again when all of a sudden—Whack!—the big dude knocks him down again and says, “That was a judo chop from Japan.”

So the little guy has had enough of this. He gets up, brushes himself off and quietly leaves. The little guy is gone for an hour or so when he returned. Without saying a word, he walks up behind the big dude and—Wham!”—knocks the big dude off his stool, knocking him out cold!

The little guy looks at the bartender and says, “When he gets up, tell him that’s a crowbar from Sears.”",JingleJJangle,2014-10-20,0,0,5,0,0,0,0,166.82814485387547,10017,0,0,1,-2,1,1,0,0,0.0
115482,Tom Hanks: (from behind a bush throwing his voice) Tom hanks is attracted to human women,senderblock23,2015-11-24 02:34:27,142,24,0,133.6904761904762,6975,34.47895902547065,3340,0,0,37495,2010-05-28 06:33:36,0,-2,-2,-2,0,0,0.0
45263,And there you have it. The circle of life,fred_delicious,2015-04-07 19:25:33,148,23,0,524.0530108080288,17369,207.54143077714875,12098,0,0,123146,2012-08-28 19:38:31,0,-2,-2,-2,0,0,0.0
93142,it sometimes seems that almost everyone is thinking,nytminuscontext,2014-09-12 04:40:11,216,125,0,331.4253266957063,2613,225.9673304293715,2627,0,0,95753,2013-11-12 03:15:23,0,-2,-2,-2,0,0,0.0
101138,birdbirdbirdbirdbirdbirdbirdbirdbirdbirdbirdbirdbirdbirdbirdbirdbirdbirdbirdbirdbirdbirdbirdbirdbirdbirdbirdbirdbirdbirdbirdbirdbirdbirdbird,probirdrights,2012-05-21 09:26:26,34,39,0,1787.8250355618777,14665,1290.0014224751067,15522,0,0,260599,2011-12-28 01:48:16,0,-2,-2,-2,0,0,0.0
21731,"She reached for me and I could see the fear in her eyes, yet I kept walking http://t.co/dDGuBW5Bot",bridger_w,2013-07-31 01:42:08,87,19,0,316.638807904114,20833,92.30029154518951,12198,0,0,83074,2009-05-07 21:53:35,0,-2,-2,-2,0,0,0.0
12016,ICYMI: Here's Elena's return to Billy on the St! Watch the whole episode with @AnnaKendrick47 TONIGHT at 830 on TBS! https://t.co/ZTxkLFznkH,billyeichner,2015-10-24 19:27:50,117,21,0,710.2295514511874,14973,200.46437994722956,6365,0,0,479045,2009-09-16 06:33:53,0,-2,-2,-2,0,0,0.0
27859,macklemore is your dad @MacMiller,conortripler,2015-12-16 02:04:12,40,4,0,189.78146853146853,60175,90.36538461538461,40654,0,0,24247,2010-02-23 20:11:32,0,-2,-2,-2,0,0,0.0
42633,"i need to not hate anybody, makes me feel ugly... and i am beautiful.",ericdadourian,2016-01-18 21:23:16,18,1,0,15.201692524682652,777,1.9196050775740479,506,0,0,7896,2009-03-11 21:03:20,0,-2,-2,-2,0,0,0.0
158441,Looking for jokes about Boy Bands!!! ||| Hosting a sing-a-long drink-a-long and need some jokes with boy bands as a theme.  Please help!,hackel1j,2014-01-22,0,0,3,0,0,0,0,166.82814485387547,10017,0,0,1,-2,-2,-2,0,0,0.0
131226,Or I'm suspected terrorist bra you. You lost your exercise program In the fire. https://t.co/FLvqkKbpdX,tvcommentbot,2016-03-13 15:19:07,0,0,0,2.6803125,69,1.190625,56,0,0,1698,2015-01-27 01:56:19,0,-2,-2,-1,0,0,0.0
112468,The Half Hour of Power is happening NOW!  The Best Show post show! call! 201-332-3484!,scharpling,2015-08-05 04:15:15,6,2,0,73.5042735042735,1280,21.43482905982906,450,0,0,100803,2008-12-01 02:36:33,0,-2,-2,-1,0,0,0.0
118008,Today my snapchat account got locked cuz I wanted to test the birthday filter so I said my bday was today. Turns out you need 2 b 13 to snap,shlancaster39,2016-02-24 19:31:28,6,1,0,1.345,13,0.19,5,0,0,211,2012-06-04 11:39:27,0,-2,-2,-1,0,0,0.0
110019,no one likes jennifer anniston because she is perfect and it's impossible to like a perfect person,sbellelauren,2016-02-01 09:13:19,38,3,0,90.90330188679245,2624,26.28490566037736,1273,0,0,51475,2008-06-09 17:18:47,0,-1,-2,-2,0,0,0.0
163099,"Purple People Eater ||| So I'm sitting in class one day when I see a group of kids huddled together a few seats over whispering about something. Now, curiosity has always been wont to get the better of me, and today was no different. With a little bit of discrete eavesdropping, I manage to pick up that they're discussing something called a ""purple people eater."" In an admittedly rash decision, I ask them, ""Hey guys, what's a purple people eater?"" They stiffen up, give me a weird look, and call the teacher over, saying, ""Teacher, TheYear20XX is asking about purple people eaters!""

Visibly confused and distressed, the teacher asks me if I have anything to say for myself. I say, ""Well, I was sitting in class when I heard some guys talking about a purple people eater. I didn't know what it was, so I asked them what a purple people eater was. They called you over. So, teacher, what's a purple people eater?"" The teacher becomes seemingly enraged, but as she is currently teaching a class, she restrains herself and very intensely tells me to go to the principal's office. Not wanting to enrage her further, I head down there.

When I get to the office, the receptionist gives me a smile asks what she can do for me. I say, ""Well, I was sitting in class when I heard some guys talking about a purple people eater. I didn't know what it was, so I asked them what a purple people eater was. They called the teacher over, so I asked her what a purple people eater was. She told me to go to the principal's office, and here I am. So, receptionist, what's a purple people eater?"" The receptionist gives me a look of sheer disgust, goes straight to the principal's office, comes back, and waves me in without a word.

When I enter the office, the principal asks me what trouble I've gotten into now. I say, ""Well, I was sitting in class when I heard some guys talking about a purple people eater. I didn't know what it was, so I asked them what a purple people eater was. They called the teacher over, so I asked her what a purple people eater was. She told me to go to the principal's office, so I went there and asked the receptionist what a purple people eater was. She sent me here, and here I am. So, principal, what's a purple people eater?"" The principal doesn't respond and instead stares into the distance. In a voice trembling with fear, she says, ""Son, I'm sorry, but this is for your own good."" She then writes me a month's suspension and tells me to go home.

When I get home, my mom is very confused as to why I'm not at school. She asks me if I'm sick and if everything is all right. I say, ""Well, I was sitting in class when I heard some guys talking about a purple people eater. I didn't know what it was, so I asked them what a purple people eater was. They called the teacher over, so I asked her what a purple people eater was. She told me to go to the principal's office, so I went there and asked the receptionist what a purple people eater was. She sent me to the principal's office, so I asked the principal what a purple people eater was. She wrote me a month's suspension and sent me home, and here I am. So, mom, what's a purple people eater?"" My mother immediately bursts into tears. After spending a good 5 minutes calming her down and getting her into a state where she's able to speak, she sends me to my room and tells me to wait until my father gets home. Not wanting to upset her any further, I immediately go to my room and wait.

When my father gets home, he comes up to my room and asks why my mother is crying. I say, ""Well, I was sitting in class when I heard some guys talking about a purple people eater. I didn't know what it was, so I asked them what a purple people eater was. They called the teacher over, so I asked her what a purple people eater was. She told me to go to the principal's office, so I went there and asked the receptionist what a purple people eater was. She sent me to the principal's office, so I asked the principal what a purple people eater was. She wrote me a month's suspension and sent me home, so I asked mom what a purple people eater was. She started crying and sent me to my room, and here I am. So, dad, what's a purple people eater?"" My father, normally a reasonable man, suddenly strikes me across the face. My cheek still stinging, he says that I am no longer any son of his and tells me to pack my bags and get out of his house.

Without many other options, I throw some clothes in a suitcase, gather some money, and walk out the door. I hail a taxi and instruct the driver to drive me to my grandmother's house. Along the way, the driver notices I'm extremely quiet and asks if I'm OK. I say, ""Well, I was sitting in class when I heard some guys talking about a purple people eater. I didn't know what it was, so I asked them what a purple people eater was. They called the teacher over, so I asked her what a purple people eater was. She told me to go to the principal's office, so I went there and asked the receptionist what a purple people eater was. She sent me to the principal's office, so I asked the principal what a purple people eater was. She wrote me a month's suspension and sent me home, so I asked my mom what a purple people eater was. She started crying and sent me to my room, so when my father came to talk to me, I asked him what a purple people eater was. He disowned me and kicked me out of the house, and here I am. So, taxi driver, what's a purple people eater?"" And the taxi driver simply pulls a hidden gun out from under his seat and shoots me in the face.

I wake up surrounded by clouds and with a man in front of me. The man says, ""I am St. Peter, and these are the Pearly Gates. Tell me son, what events led to your death?"" I say, ""Well, I was sitting in class when I heard some guys talking about a purple people eater. I didn't know what it was, so I asked them what a purple people eater was. They called the teacher over, so I asked her what a purple people eater was. She told me to go to the principal's office, so I went there and asked the receptionist what a purple people eater was. She sent me to the principal's office, so I asked the principal what a purple people eater was. She wrote me a month's suspension and sent me home, so I asked my mom what a purple people eater was. She started crying and sent me to my room, so when my father came to talk to me, I asked him what a purple people eater was. He disowned me and kicked me out of the house, so I got in a cab and asked the driver what a purple people eater was. He pulled out a gun and shot me, and here I am. So, St. Peter, what's a purple people eater?"" And without a word, St. Peter opens up his book and crosses my name right out.

I wake up surrounded by fire, the smell of sulfur pervading the area, and a man standing in front of me. The man says, ""I am Satan. Welcome to Hell, young man. Tell me, what unfortunate series of events landed you in this Godforsaken place?"" I say, ""Well, I was sitting in class when I heard some guys talking about a purple people eater. I didn't know what it was, so I asked them what a purple people eater was. They called the teacher over, so I asked her what a purple people eater was. She told me to go to the principal's office, so I went there and asked the receptionist what a purple people eater was. She sent me to the principal's office, so I asked the principal what a purple people eater was. She wrote me a month's suspension and sent me home, so I asked my mom what a purple people eater was. She started crying and sent me to my room, so when my father came to talk to me, I asked him what a purple people eater was. He disowned me and kicked me out of the house, so I got in a cab and asked the driver what a purple people eater was. He pulled out a gun and shot me, so I went to Heaven and asked St. Peter what a purple people eater was. He crossed my name out of the Book of Life, and here I am. So, Satan, what's a purple people eater?"" And Satan says, ""Son, that's just a really long and rambling wall of text with no punch line designed to waste time and piss off a bunch of people on reddit.""",TheYear20XX,2014-05-11,0,0,2,0,0,0,0,166.82814485387547,10017,0,0,1,-2,-2,-1,0,0,0.0
11352,"now that Bowie's gone, no one wants to be here anymore",behindyourback,2016-01-18 22:42:09,88,17,0,209.16847826086956,39010,83.7350543478261,28248,0,0,31811,2009-04-15 17:03:17,0,-2,-1,-2,0,0,0.0
88872,"This 1964 Lesley Gore track never gets old: https://t.co/EvgDFC9EDw Today, @BritneySpears mimes to ghosted vocals while hawking bras onstage",neilhamburger,2015-02-17 03:01:48,52,16,0,79.10606060606061,1124,34.61845730027548,518,0,0,85587,2009-04-11 19:36:35,0,-2,-2,-1,0,0,0.0
59100,"""Do you know how fast you were going?""
""Was way below the speed limit, officer""
""Really?""
""Yup""
""Pinky promise?""
""Yessir""
*we lock pinkies*",jazmasta,2015-08-21 04:36:28,171,50,0,197.8949880668258,12758,73.3285600636436,9344,0,0,43046,2009-01-26 19:48:29,0,-2,-2,-1,0,0,0.0
76029,published poet,lukeoneil47,2016-01-18 04:56:29,2,0,0,19.22117202268431,2352,4.187145557655954,789,0,0,12634,2010-01-25 16:40:01,0,-2,-1,-2,0,0,0.0
49802,Make new friends! https://t.co/CSAraShkds https://t.co/zlzXHWTyBD,hamptonyount,2016-02-28 20:30:55,1,0,0,18.250752256770312,576,3.2377131394182546,190,0,0,8422,2010-06-07 08:39:44,0,-1,-2,-2,0,0,0.0
122929,your dick was okay i guess: a love story,sosadtoday,2016-02-14 03:15:20,2184,756,0,1235.690639873083,4670,637.4833421470122,2687,0,0,320653,2012-07-02 19:56:37,0,-1,-2,-2,0,0,0.0
108297,Every female Ravens fan who is sporting the 27 jersey is trying to tell us that they are victims too and this is a cry for help. #code,roryscovel,2014-09-12 01:05:18,54,25,0,40.28069093152375,678,9.666872301048736,321,0,0,52552,2009-10-30 17:55:05,0,-1,-2,-2,0,0,0.0
66793,I hope I die never knowing what an acai bowl is,justaboutglad,2016-03-02 00:48:58,20,5,0,29.557642149191445,760,4.243088158581116,308,0,0,14528,2011-03-30 07:54:40,0,-2,-2,-1,0,0,0.0
136868,watching x-files S1E1 and getting ahead on some work....[fingernail clipping emoji],weedguy420boner,2015-05-31 04:29:45,12,1,0,66.48402366863905,20308,18.205917159763313,9914,0,0,23282,2010-03-29 02:20:32,0,-2,-2,-1,0,0,0.0
7868,Fav my tweets so I can rule out the absolute certainty that it's fake,atsignskylar,2016-02-10 01:21:48,1,0,0,1.5391621129326047,16,0.14754098360655737,6,0,0,266,2012-02-26 00:45:04,0,-2,-2,-1,0,0,0.0
163618,"red ring xbox ||| My First Weekly Meme, Bad Luck Brian and his xbox :D",Seb7777777,2014-05-18,0,0,0,0,0,0,0,166.82814485387547,10017,0,0,1,-2,-2,-1,0,0,0.0
91386,Aldridge hits. 5 again.,normmacdonald,2016-03-20 02:51:09,10,0,0,76.96600566572238,3063,22.042492917847024,1216,0,0,594410,2009-04-25 09:49:11,0,-2,-2,-1,0,0,0.0
123592,i feel bad for the turkey and also me,sosadtoday,2015-11-26 04:02:45,921,496,0,1235.690639873083,4670,637.4833421470122,2687,0,0,320653,2012-07-02 19:56:37,0,-1,-2,-2,0,0,0.0
121374,Get up to 6 @SEGA games on #Android with the latest @humble Bundle! Pay what you want and play Sonic all you want. http://t.co/eEuXGFr9PU,sonic_hedgehog,2014-08-20 18:48:01,38,31,0,350.3631090487239,12773,191.2354988399072,8597,0,0,286986,2009-01-27 19:11:50,0,-2,-1,-2,0,0,0.0
146163,"A guy comes in a bar ||| My bad, it's actually a horse.

So a guy comes in a horse...",ArmyOfDix,2013-04-10,0,0,61,0,0,0,0,166.82814485387547,10017,0,0,1,-1,-2,-2,0,0,0.0
93069,I am courting him with my misfortunes,nytminuscontext,2014-09-21 02:12:00,462,297,0,331.4253266957063,2613,225.9673304293715,2627,0,0,95753,2013-11-12 03:15:23,0,-2,-2,-1,0,0,0.0
138099,ladies book club must-have. https://t.co/OufECP9aky https://t.co/el1ekEYs5O,zoeklar,2015-11-03 18:11:22,11,0,0,38.693186627168856,5605,10.100296233601354,6437,0,0,11405,2011-03-29 16:55:03,0,-2,-1,-2,0,0,0.0
158156,F Scott Fitzgerald ||| ...and F the Great Gatsby  as well.,bachibawlz,2014-01-15,0,0,17,0,0,0,0,166.82814485387547,10017,0,0,1,-2,-2,-1,0,0,0.0
188864,"The Jewish genie ||| A black guy is walking down the street kicking garbage out of his way, when he spotted something amid the trash that gleamed strangely. It turned out to be an oddly shaped bottle, and when he rubbed it, a Jewish genie appeared. ""I'll give you two wishes"" said the genie. ""Far out"" said the black guy. ""First, I want to be white, uptight and outta sight. Second, I want to be surrounded by warm, sweet pussy."" So the genie turned him into a tampon. The moral of the story: You can't get anything from a Jew without strings attached.",turbdnytro,2014-12-20,0,0,1,0,0,0,0,166.82814485387547,10017,0,0,1,-2,-2,-1,0,0,0.0
136753,My dad sent me a video montage of pictures of my daughter and four wheelers driving through fields,weedguy420boner,2015-07-26 01:16:08,29,0,0,66.48402366863905,20308,18.205917159763313,9914,0,0,23282,2010-03-29 02:20:32,0,-2,-2,-1,0,0,0.0
119069,America. https://t.co/H6DyU3aJLl,shutupandrosky,2016-02-16 22:11:12,8,1,0,15.42135761589404,335,2.619205298013245,221,0,0,7711,2008-02-25 18:59:30,0,-2,-2,-1,0,0,0.0
128961,sup girl lets look up at the moon,totallyallen,2016-03-25 06:51:28,33,0,0,19.91854419410745,428,2.2417677642980935,246,0,0,11096,2009-02-20 09:54:39,0,-2,-1,-2,0,0,0.0
80069,"(tuff voiceover voice)

EA SPORTS...

IT'S IN THE SPORTS",maryhoulie,2015-08-08 00:10:00,17,0,0,7.04022491349481,784,1.4610726643598615,500,0,0,3176,2012-08-09 17:29:20,0,-2,-2,-1,0,0,0.0
182581,"Looking for a joke: irish dinner potatoe ||| Pretty close, but need to know the exact joke about irish dinner consisting of potatos and beer",oblomovx,2014-11-08,0,0,0,0,0,0,0,166.82814485387547,10017,0,0,1,-2,-2,-1,0,0,0.0
126601,u think ur cool but ur just room temperature,tinatbh,2015-09-10 00:11:03,1609,1221,0,2182.6719101123595,9101,1335.4012841091492,6705,0,0,734459,2012-06-18 22:12:32,0,-2,-2,-1,0,0,0.0
172618,Why are the noses of Jewish people so big? ||| Because air is free.,xLuMisx,2014-08-26,0,0,0,0,0,0,0,166.82814485387547,10017,0,0,1,-2,-1,-1,0,0,0.0
716,Who has three thumbs and OH NO,alliegoertz,2016-01-07 20:39:46,58,11,0,65.2879893828799,2594,9.381552753815528,781,0,0,17416,2009-03-05 00:58:44,0,-2,-1,-1,0,0,0.0
42372,"Two birds, one Anita Hill.",ericdadourian,2016-02-14 00:20:28,3,0,0,15.201692524682652,777,1.9196050775740479,506,0,0,7896,2009-03-11 21:03:20,0,-2,-1,-1,0,0,0.0
128873,Woman on subway's gum chewing technique *perfectly* replicated sound of someone clipping their nails for 20 minutes.,toddbarry,2015-07-09 17:54:12,52,7,0,68.08484408992024,1060,10.676577229876722,213,0,0,282740,2008-11-17 23:32:30,0,-1,-2,-1,0,0,0.0
60309,the best. https://t.co/HOVTpw4naT,joemande,2016-03-23 06:47:23,76,17,0,161.94357976653697,2892,38.07587548638132,2326,0,0,1005740,2009-10-16 03:40:44,0,-2,-1,-1,0,0,0.0
107575,Cant wait for the critical fallout of this National Anthem. #NBAFinals2015,roryscovel,2015-06-08 00:05:24,19,5,0,40.28069093152375,678,9.666872301048736,321,0,0,52552,2009-10-30 17:55:05,0,-1,-2,-1,0,0,0.0
116566,Don't Let Your Nana Turn Up,senderblock23,2015-08-18 22:55:12,49,6,0,133.6904761904762,6975,34.47895902547065,3340,0,0,37495,2010-05-28 06:33:36,0,-2,-2,0,0,0,0.0
56885,"""So why did u choose Psu?""

""Location rly sold me, I had to get awa--""

*mom interrupts conversation to drop off clean laundry*

""so anyway""",jabba_the_slut_,2015-08-18 19:52:44,52,3,0,8.210350584307179,109,0.5609348914858097,38,0,0,471,2011-09-13 01:12:55,0,-2,-1,-1,0,0,0.0
34977,its an old bike and theres a lot of black smoke coming out of the tailpipe. aaron has foolishly put a dildo in the pipe... could be trouble,degg,2012-03-28 03:22:53,15,4,0,193.66524338172502,14721,61.00597779675491,6697,0,0,60801,2008-08-17 21:30:14,0,-1,-2,-1,0,0,0.0
6436,The first brand of grapes named by an alcoholic! https://t.co/YDEYXNJfrT,asterios,2015-11-29 18:52:24,22,6,0,25.23008356545961,1780,8.106963788300837,1066,0,0,9256,2007-06-23 00:46:12,0,-2,-1,-1,0,0,0.0
52255,"911 what's your emergency?
[YG hangs up phone, calls homies]",handsomeboiii,2014-05-11 01:57:14,3,0,0,2.5842482100238664,39,0.2739856801909308,11,0,0,185,2012-03-19 21:02:16,0,-1,-2,-1,0,0,0.0
163983,Why did sally fall of the swing? ||| she had no arms,nubunyup,2014-05-22,0,0,0,0,0,0,0,166.82814485387547,10017,0,0,1,-2,-1,-1,0,0,0.0
107691,Whats the name of the one broadcaster who is clearly drunk and Vitale's understudy? #NCAAChampionship,roryscovel,2015-04-07 01:51:02,24,2,0,40.28069093152375,678,9.666872301048736,321,0,0,52552,2009-10-30 17:55:05,0,-1,-1,-2,0,0,0.0
18954,Going HAM on Mega Man: http://t.co/SLWHAYcoYz,briangaar,2015-08-30 01:26:57,8,1,0,322.7409638554217,43789,122.48795180722891,38416,0,0,92089,2009-01-13 20:42:45,0,-2,0,-2,0,0,0.0
172648,(Entire joke within) ||| Made you look.,zeroteach,2014-08-26,0,0,0,0,0,0,0,166.82814485387547,10017,0,0,1,-1,-2,-1,0,0,0.0
77340,2^10 Things Introverts Do That Extroverts Would Legitimately Cut Their Stupid Sissy Baby Throats For If No One Would Find Out,lynnbixenspan,2015-08-17 01:45:24,6,1,0,18.20738137082601,1258,4.388400702987698,579,0,0,14243,2010-06-12 23:08:20,0,-1,-2,-1,0,0,0.0
45676,Nine guilty cops,fred_delicious,2014-12-19 21:07:21,213,120,0,524.0530108080288,17369,207.54143077714875,12098,0,0,123146,2012-08-28 19:38:31,0,-1,-2,-1,0,0,0.0
1163,"If ""let's watch a movie"" is code for hooking up, ""let's fool around"" better be code for a movie marathon of my choosing.",alliegoertz,2015-10-13 21:32:25,58,15,0,65.2879893828799,2594,9.381552753815528,781,0,0,17416,2009-03-05 00:58:44,0,-2,-1,-1,0,0,0.0
4976,I think it is OK when women are really into furniture and property because it used to be our cousin,aparnapkin,2015-06-14 04:57:28,688,214,0,238.92703862660943,3303,68.85515021459227,1673,0,0,87315,2008-01-02 15:11:12,0,-2,-1,-1,0,0,0.0
175272,Why should you buy Adrian Peterson sun screen? ||| Because it is very strong at beating the son.,Oriole5,2014-09-16,0,0,0,0,0,0,0,166.82814485387547,10017,0,0,1,-1,-1,-2,0,0,0.0
188954,"If your Uncle Jack helped you off an elephant, would you help your uncle jack off an elephant? ||| Mariska Hargitay",whereis_God,2014-12-20,0,0,22,0,0,0,0,166.82814485387547,10017,0,0,1,-1,-2,-1,0,0,0.0
2601,"I get so stressed out whenever a hot person talks to me. It's like ""Ugh, please just let me slither back to my mud cave in peace.""",annadrezen,2015-04-16 21:32:15,333,156,0,34.53091787439614,5829,10.180676328502415,2285,0,0,8011,2009-09-23 05:07:10,0,-2,-1,-1,0,0,0.0
26388,call ur grama❤️,chelseaperetti,2015-09-30 15:34:05,208,52,0,364.68879216539716,7158,77.29706202393906,1159,0,0,517253,2009-09-29 02:35:35,0,0,-2,-2,0,0,0.0
174680,"What did the hot dog vendor say at the World Trade Center? ||| ""Who ordered the two jumbos?!""",SHEAHOFOSHO,2014-09-12,0,0,0,0,0,0,0,166.82814485387547,10017,0,0,1,-2,0,-2,0,0,0.0
23869,"Now I lay me down to smoke
I pray the lord my soul to toke

If I should die before I get baked
I pray the lord my soul to vape

#blessings",buncahn,2015-04-20 22:47:36,88,26,0,99.45710784313725,4282,25.17769607843137,2646,0,0,8782,2011-11-01 21:10:17,0,-2,-1,-1,0,0,0.0
144200,What's the difference between a woman in church and a woman in the bath? ||| One has hope in her soul...,quizbuck,2013-02-27,0,0,114,0,0,0,0,166.82814485387547,10017,0,0,1,-1,-1,-2,0,0,0.0
176426,What did the man at the gay bar say as another gentleman was leaving? ||| Please allow me to push in your stool.,therageman0416,2014-09-23,0,0,1,0,0,0,0,166.82814485387547,10017,0,0,1,-2,0,-2,0,0,0.0
184083,Do you know what the last result of the World Cup was? ||| Spain - 8 Ethiopia - didn't,who-reddit,2014-11-19,0,0,18,0,0,0,0,166.82814485387547,10017,0,0,1,-1,-2,-1,0,0,0.0
105574,Stupid cop is asking me why I'm dressed like a cop so I'm laughing til he goes away,robhuebel,2013-10-04 18:58:28,40,26,0,83.89421540428252,2692,43.97347395333973,1432,0,0,568159,2007-05-31 19:08:21,0,-2,-1,-1,0,0,0.0
138917,getting chills watching the riff-off from 'pitch perfect',zoeklar,2014-10-13 19:45:15,16,1,0,38.693186627168856,5605,10.100296233601354,6437,0,0,11405,2011-03-29 16:55:03,0,0,-2,-2,0,0,0.0
113824,Jery bootleg bee movie http://t.co/eD1Euew3ES,seinfeld2000,2015-07-01 16:30:53,451,128,0,544.1748400852879,29782,233.7492537313433,21644,0,0,109251,2013-01-12 02:17:49,0,-1,-2,-1,0,0,0.0
161288,Opinions are like assholes. ||| Everybody has one and they shouldn't be aired in public.,zulubowie,2014-04-01,0,0,0,0,0,0,0,166.82814485387547,10017,0,0,1,-2,-1,-1,0,0,0.0
70782,My mother is going to have a dinner party tomorrow with the blood of a bird (that might not be found) on the ceiling.,katiemcvay,2016-02-13 01:13:33,4,0,0,7.368544600938967,153,0.8724569640062598,55,0,0,3338,2009-03-05 03:32:34,0,-1,-2,-1,0,0,0.0
119080,"a very special BABE ISLAND valentine's day is TONIGHT
9pm @BIGFOOTLODGE FREE
""my love for u is crystal clear"" -a cop https://t.co/1PbW9ShxZX",shutupandrosky,2016-02-14 19:43:49,6,3,0,15.42135761589404,335,2.619205298013245,221,0,0,7711,2008-02-25 18:59:30,0,-2,-2,0,0,0,0.0
178235,"My mom opened the door at a restaurant for an old lady... ||| ...the lady told my mom that she looked just like her daughter that had died. The lady asked my mom to join her for lunch since she was there alone, too. She accepted.   

They talked about the lady's daughter and how much she missed her.   

The waitress came over and asked ""What can i get you to drink?"" My mom answered.   

Then the waitress said ""And for your mother?"".  

Before my mom could answer, the old lady said she would like a coffee.   
When the waitress left, my mom asked the old lady why she didn't correct the waitress. The old lady said she was having such a great time with my mom and she was so like her daughter, could they just pretend she was her daughter. My mom found it weird, but agreed on that.   

After they ate, the old lady said her good byes and excused herself from the table. 

The waitress came over with the bill and my mom asked if the lady had paid her share. The waitress said, ""No. On her way out, she said her daughter would take care of it"". My mom said, ""I'm not her daughter"". The waitress said ""Well i heard you two talking and you called her mom"". So my mom paid the bill, seeing as it was useless to try to explain and left.   

When she got outside, she saw the old lady getting on a bus.
She ran quickly and calling her angrily but the old lady ignored her. 
As she was getting on the bus, my mom grabbed her bag while the doors shut on the bus and my mom was left standing with the bag.  

You know what was in the bag?  

A load of shit.   

Just like the story i just told you",wronglywired,2014-10-07,0,0,0,0,0,0,0,166.82814485387547,10017,0,0,1,-1,-2,-1,0,0,0.0
80719,"i would do aanything for love / but i won't do that, or that, or this other thing, or that - i mean doesn't that hurt? i poop out of there",maryhoulie,2014-07-24 19:41:03,2,0,0,7.04022491349481,784,1.4610726643598615,500,0,0,3176,2012-08-09 17:29:20,0,-2,-1,-1,0,0,0.0
103897,Too many of these jack-O-lanterns are starting to look a lot like my dead Nana. Miss you Nana!,robhuebel,2015-11-04 23:29:55,101,13,0,83.89421540428252,2692,43.97347395333973,1432,0,0,568159,2007-05-31 19:08:21,0,-1,-2,-1,0,0,0.0
102916,lmao http://t.co/6MShC6MTHz,recklessfarmer,2014-09-06 22:43:40,10,1,0,5.495726495726496,410,1.0897435897435896,167,0,0,643,2012-11-19 03:42:50,0,-2,-2,0,0,0,0.0
18532,"Hey Austin I'm on this kick-ass show tonight at 8 pm at @CapCityComedy, great great lineup https://t.co/xRRZig9MCv",briangaar,2015-11-24 17:34:35,7,1,0,322.7409638554217,43789,122.48795180722891,38416,0,0,92089,2009-01-13 20:42:45,0,-2,-1,-1,0,0,0.0
101274,"I know that for the majority of visitors, Arizona is a striking land of contrasts, but for me anymore it's just a really unhealthy pit stop",rappingranny,2016-03-09 14:35:18,6,0,0,14.453333333333333,383,1.878095238095238,95,0,0,3260,2011-10-04 14:19:12,0,-2,-1,-1,0,0,0.0
155411,"Why do people call their weed the Koran? ||| Because if your burn it, it gets you stoned",mystical-me,2013-11-07,0,0,17,0,0,0,0,166.82814485387547,10017,0,0,1,-2,-1,-1,0,0,0.0
153687,"Silly joke I made up today.. ||| How did Pedro fix his car?

With Espana.",StevieBee90,2013-09-20,0,0,0,0,0,0,0,166.82814485387547,10017,0,0,1,-2,-1,-1,0,0,0.0
73918,#Yolo https://t.co/BpncDSdzPc,kibblesmith,2015-12-04 04:34:08,4,0,0,41.713940370668816,1272,9.991941982272362,597,0,0,19430,2008-05-03 20:42:01,0,-2,-1,-1,0,0,0.0
19086,Never forget Gwen Stefani wore adult braces in 1999,briangaar,2015-08-09 21:37:41,222,61,0,322.7409638554217,43789,122.48795180722891,38416,0,0,92089,2009-01-13 20:42:45,0,0,-2,-2,0,0,0.0
46304,"Please Lord, give me the strength to stop eyefucking myself in the mirror",froghammer,2015-10-05 03:35:12,40,9,0,51.491147540983604,20607,19.249180327868853,13973,0,0,12502,2010-12-09 07:39:01,0,-1,-2,-1,0,0,0.0
189133,"A private comes home early from Airborne school ||| A private comes home early from US Army Airborne School.  He's sitting at the breakfast table with his father who says, ""Why are you home early?""  The private says:

Well, I was in Airborne school and we were in a C130 circling up for our first real jump.  As people started jumping out, I got scared looking at the ground so far below.  I grabbed onto the door and I wasn't jumping out for anything.  The jumpmaster was at the door screaming at me and trying to push me out, but I had a good grip and wasn't going anywhere.  Finally, the jumpmaster said, ""If you don't jump right now, I'm going to rip off your pants and fuck you right in your asshole.""

The private stopped the story.  His father says, ""Well, what happened?  Did you jump?""

The private responded, ""Yeah. A little. At first.""

It makes it a bit funnier that our jumpmaster told us this joke as we were circling up for our first jump.",butterflytesticles,2014-12-21,0,0,32,0,0,0,0,166.82814485387547,10017,0,0,1,-2,-1,-1,0,0,0.0
78796,All I ever gotta do is flirt for two minutes to get a free drink at a bar and I'm always too stubborn to do it.,marcellacomedy,2015-10-03 02:16:33,11,7,0,25.22906898861353,3105,8.438044206296048,3673,0,0,8081,2009-09-30 02:42:37,0,-1,-2,-1,0,0,0.0
37166,Still can't believe today is the day. http://t.co/uFb7NA6rfp,ditzkoff,2015-08-06 13:17:34,110,80,0,173.78342653787493,13660,103.25470259278089,11191,0,0,55279,2009-10-11 01:11:07,0,-1,-2,-1,0,0,0.0
48371,TRUE STORY: This receipt is for 1 (one) bag of Skittles. http://t.co/DKSWN4qHUQ,growlygrego,2014-07-15 19:03:17,587,165,0,112.03535353535354,8283,39.067676767676765,5628,0,0,26601,2011-02-27 06:39:10,0,-2,-2,0,0,0,0.0
27146,bitmojis randomly posted to twitter. Pocket post or world's kindest hacker???,chmurph,2015-02-17 01:21:28,3,0,0,40.62073170731707,1414,23.26341463414634,791,0,0,15234,2009-10-03 17:39:05,0,-2,-2,0,0,0,0.0
65256,Actually getting mad thinking about people who say Billy Joel is their favorite songwriter. You live during the same time as Elvis Costello.,julieklausner,2015-07-22 14:49:10,98,14,0,99.87148217636023,3741,16.670731707317074,1996,0,0,96031,2008-12-16 19:06:45,0,-2,-1,-1,0,0,0.0
85172,Official sonic account telling kids not to game during the holidays. We are WINNING http://t.co/C0D6t6dtzG,momsagainstgam,2014-12-23 00:22:30,49,26,0,66.66666666666667,547,37.8,455,0,0,18628,2014-06-20 00:14:31,0,-2,-1,-1,0,0,0.0
113533,i updated Maslows heirarchy of needs to make it more relevant to today http://t.co/E9QGzlqnQS,seinfeld2000,2015-08-21 02:38:30,563,165,0,544.1748400852879,29782,233.7492537313433,21644,0,0,109251,2013-01-12 02:17:49,0,-2,-1,-1,0,0,0.0
145419,What's a camel? ||| A horse made by committee.,Sarge-Pepper,2013-03-25,0,0,0,0,0,0,0,166.82814485387547,10017,0,0,1,-2,-1,-1,0,0,0.0
8033,i like to havimg knees. Please dont take them awway,atsignskylar,2015-11-06 06:40:27,2,0,0,1.5391621129326047,16,0.14754098360655737,6,0,0,266,2012-02-26 00:45:04,0,-1,-2,-1,0,0,0.0
123254,i'm not really anything but it's cool,sosadtoday,2016-01-13 01:55:25,1290,842,0,1235.690639873083,4670,637.4833421470122,2687,0,0,320653,2012-07-02 19:56:37,0,-2,-1,-1,0,0,0.0
45822,"[I notice im alone on a deserted road]
""heh heh, time for some public masturbation""
[The Google Streetview van drives past just as i cum]",fred_delicious,2014-11-20 20:49:39,386,94,0,524.0530108080288,17369,207.54143077714875,12098,0,0,123146,2012-08-28 19:38:31,0,-1,-2,-1,0,0,0.0
166712,"Australian soccer team bus crash ||| Prime minister Tony Abbott was advised of an accident involving the Socceroos team bus. ""Sir, the team is OK, but 6 Brazilian people were killed.""
Obviously shaken up Tone took a minute to compose himself before asking ""... Exactly how many is a brazillion?""",KennyCarly,2014-06-26,0,0,2,0,0,0,0,166.82814485387547,10017,0,0,1,-2,-2,1,0,0,0.0
47716,"Dear Grandma,

Your e-mail background is a second degree felony and I want to punch your font.

Love,
Your loving grandson",growlygrego,2016-01-21 11:33:01,31,5,0,112.03535353535354,8283,39.067676767676765,5628,0,0,26601,2011-02-27 06:39:10,0,-1,-2,0,0,0,0.0
24348,"waiter: hi i'm Caleb and i'll be taking care of you this evening
me: no thanks",ch000ch,2015-10-05 01:03:21,897,261,0,696.3335025380711,52097,299.148730964467,40143,0,0,114993,2011-01-24 17:14:48,0,1,-2,-2,0,0,0.0
96052,.@AnnCoulter Will you be live-tweeting the GOP debate tonight for Trump's Parseltongue-speaking supporters?,ohnoshetwitnt,2015-10-28 17:33:43,104,26,0,293.2448669201521,6463,93.5361216730038,2668,0,0,84929,2010-05-28 20:24:09,0,0,-1,-2,0,0,0.0
183080,My Somali Girfriend's nickname is 747... ||| Because her blackbox can take a hell of a pounding.,SGDove,2014-11-12,0,0,7,0,0,0,0,166.82814485387547,10017,0,0,1,-2,0,-1,0,0,0.0
78063,How many selfies must you post before you realize he doesn't love you?,marcellacomedy,2015-12-30 18:22:48,33,10,0,25.22906898861353,3105,8.438044206296048,3673,0,0,8081,2009-09-30 02:42:37,0,-1,0,-2,0,0,0.0
104633,I wrote this:  https://t.co/wVIV8yhq09,robhuebel,2014-11-14 23:18:53,17,6,0,83.89421540428252,2692,43.97347395333973,1432,0,0,568159,2007-05-31 19:08:21,0,-2,0,-1,0,0,0.0
148874,What do you call shit that comes out with a fart? ||| An Unexpecturd.,vintageman,2013-06-05,0,0,3,0,0,0,0,166.82814485387547,10017,0,0,1,0,-2,-1,0,0,0.0
62597,"ME: [every time sombody drops the superball] wowe, that was a… cold play",jonnysun,2016-02-07 19:16:39,1320,462,0,1526.120257695061,80684,675.0894774516822,53864,0,0,145251,2009-03-24 15:42:07,0,-1,-1,-1,0,0,0.0
162526,"""Is your refrigerator running?"" ||| ""Yes""

"" AWESOME! REFRIDGERATOR 2016!""",aggron306,2014-04-29,0,0,0,0,0,0,0,166.82814485387547,10017,0,0,1,-2,-2,1,0,0,0.0
177928,"From my not quite 3yr old cousin. ||| Q:Why did the doggy cross the road?

A:To get to the bone!



Q:Why did the bone cross the road?

A: To get away!",Minihood1997,2014-10-04,0,0,3,0,0,0,0,166.82814485387547,10017,0,0,1,-2,0,-1,0,0,0.0
186748,Did you know Hellen Keller had a pony? ||| Neither did she!,BillHardDrive,2014-12-06,0,0,13,0,0,0,0,166.82814485387547,10017,0,0,1,-1,-1,-1,0,0,0.0
60018,"Weeeeeeekendd :)))) oh, jk. tomorrow's wednesday.",jess_hold,2012-01-18 04:02:12,0,0,0,0.6671875,13,0.1984375,3,0,0,107,2009-09-20 16:38:53,0,0,-2,-1,0,0,0.0
59500,If you've seen one bear attack video you've seen a maul.,jazmasta,2015-05-21 14:57:28,952,377,0,197.8949880668258,12758,73.3285600636436,9344,0,0,43046,2009-01-26 19:48:29,0,-2,0,-1,0,0,0.0
143619,"An English man meets a Chinese woman in his travels... ||| They fall in love and live a happy life in England. The woman, however cannot speak in English and has to have her husband translate for her. One day, the man was rather busy and asked her wife to make duck breast. She goes to the butcher but then realizes she doesn't know how to tell him what she wants. As she is about to leave in embarrassment, she comes upon an idea. She points at her breasts, and the butcher understands, giving her the duck breast. On the next day, seeing how the previous day turned out, the man asked the woman to go to the butcher to get chicken legs. When she gets there, after a bit of thinking, raises her skirt and points at her thighs. The butcher gets the message and gives her the chicken legs. On the next day, the man asked the woman to go to the butcher to get sausages. Unable to think of anything, she decides to bring her husband to the butcher with her.

Upon arriving, the husband says ""I would like some sausages please"".",Roadcrosser,2013-02-15,0,0,1599,0,0,0,0,166.82814485387547,10017,0,0,1,-1,-2,0,0,0,0.0
53699,My 3rd leg runs marathons,handsomeboiii,2013-08-09 20:15:32,1,0,0,2.5842482100238664,39,0.2739856801909308,11,0,0,185,2012-03-19 21:02:16,0,-1,-1,-1,0,0,0.0
161465,What do you call a snobbish criminal going down stairs? ||| A condescending con descending.,ShadowLurker14,2014-04-05,0,0,8,0,0,0,0,166.82814485387547,10017,0,0,1,-2,0,-1,0,0,0.0
7788,Don't sleep on Rick Astley,atsignskylar,2016-03-21 23:19:53,0,0,0,1.5391621129326047,16,0.14754098360655737,6,0,0,266,2012-02-26 00:45:04,0,-1,-1,-1,0,0,0.0
20624,"""I'm sorry, but that beeping is honestly so annoying."" -My final words as my heart monitor flatlines",bridger_w,2014-08-24 02:58:17,732,203,0,316.638807904114,20833,92.30029154518951,12198,0,0,83074,2009-05-07 21:53:35,0,0,-2,-1,0,0,0.0
85104,¯\_(ツ)_/¯ http://t.co/LHQYtTtODd,momsagainstgam,2015-01-30 12:35:21,35,19,0,66.66666666666667,547,37.8,455,0,0,18628,2014-06-20 00:14:31,0,0,-2,-1,0,0,0.0
17088,Hostin' The (Kinda) Open Mic at @TheSatelliteLA at 5 today. Come talk about how hard it is to date...in a rock venue! http://t.co/rry54rSUJu,bornferal,2014-04-06 20:19:33,4,1,0,28.86639824304539,633,6.861273792093704,5021,0,0,26227,2010-12-05 22:53:11,0,-1,-1,-1,0,0,0.0
186172,How do you get a nun pregnant? ||| Dress her up as an alter boy.,concludes_cheating,2014-12-03,0,0,0,0,0,0,0,166.82814485387547,10017,0,0,1,-1,-1,-1,0,0,0.0
143828,"Mystery ||| In an ironic twist, Oscar Pistorious has investigators stumped.",Jtcarney,2013-02-19,0,0,2,0,0,0,0,166.82814485387547,10017,0,0,1,0,-2,-1,0,0,0.0
2675,"New rule: If a man ever shoves a woman out of the way to get onto the subway, he HAS to marry her.",annadrezen,2015-02-28 14:43:59,22,2,0,34.53091787439614,5829,10.180676328502415,2285,0,0,8011,2009-09-23 05:07:10,0,-2,0,-1,0,0,0.0
151635,So an Irishman walks past a bar... |||,AwHeGotTheVelcro,2013-08-06,0,0,0,0,0,0,0,166.82814485387547,10017,0,0,1,0,-2,-1,0,0,0.0
186533,Why can't a T-Rex clap? ||| Because it's dead.,Guns57,2014-12-05,0,0,7,0,0,0,0,166.82814485387547,10017,0,0,1,-2,0,-1,0,0,0.0
8924,surprised nobody bought any radiohead tix. they used to be big,bassoonjokes,2016-03-18 16:47:25,13,1,0,25.599297012302284,601,4.962214411247803,310,0,0,17614,2011-08-02 21:52:36,0,0,-1,-2,0,0,0.0
179100,Why didn't the scarecrow want dessert? ||| Because he was stuffed!,EdwardTheRock,2014-10-13,0,0,2,0,0,0,0,166.82814485387547,10017,0,0,1,0,-2,-1,0,0,0.0
49439,"OSCAR HOTEL OSCAR HOTEL OSCAR HOTEL OSCAR HOTEL OSCAR HOTEL OSCAR HOTEL OSCAR HOTEL OSCAR HOTEL YANKEE ECHO SIERRA
- Military Orgasm",growlygrego,2014-02-14 12:43:33,67,17,0,112.03535353535354,8283,39.067676767676765,5628,0,0,26601,2011-02-27 06:39:10,0,-1,-1,-1,0,0,0.0
182659,Why aren't fish good tennis players? ||| They don't like getting close to the net!,farouqyoshi,2014-11-08,0,0,4,0,0,0,0,166.82814485387547,10017,0,0,1,-2,-1,0,0,0,0.0
183425,New to reddit ||| My friend David forgot his I.D so now we just call him dav,childvspuddle69,2014-11-14,0,0,10,0,0,0,0,166.82814485387547,10017,0,0,1,-2,-2,1,0,0,0.0
12597,One of the great things about NYC is that it's 10pm on a Tuesday and I'm getting apricots delivered.,billyeichner,2015-04-15 01:57:26,904,136,0,710.2295514511874,14973,200.46437994722956,6365,0,0,479045,2009-09-16 06:33:53,0,0,-2,-1,0,0,0.0
145713,"Two aliens sitting in a bar... ||| The first looks at the second and says ""bleep  loop do dooee day baaarrggg"" 

 The second looks  ask at the first a d says ""shut up frank, you're drunk""",basoos1,2013-04-01,0,0,18,0,0,0,0,166.82814485387547,10017,0,0,1,-2,-2,1,0,0,0.0
181263,What do you call a girl who hunts owls? ||| A hooters shooter girl,Theveleurfog,2014-10-29,0,0,0,0,0,0,0,166.82814485387547,10017,0,0,1,-1,-1,-1,0,0,0.0
92959,"scones and jam, that’s a not a bad thing",nytminuscontext,2014-10-05 13:53:00,226,124,0,331.4253266957063,2613,225.9673304293715,2627,0,0,95753,2013-11-12 03:15:23,0,0,-2,-1,0,0,0.0
188731,"Sometimes I just get the urge to belt out The Lion Sleeps Tonight. ||| After all, it's only a whim away.",Horseclover_Phat,2014-12-19,0,0,7,0,0,0,0,166.82814485387547,10017,0,0,1,-2,0,-1,0,0,0.0
178900,"What did the hurricane say to the palm tree? ||| ""Hold on to your nuts, this is no ordinary blow job!""",CaelanTheGamer,2014-10-12,0,0,0,0,0,0,0,166.82814485387547,10017,0,0,1,-2,-1,0,0,0,0.0
84324,"best sex advice i was ever given was ""refuse to say anything during it other than 'the ambulators!'"" like the newspaper editor in Deadwood",mobute,2016-03-12 06:46:05,29,4,0,87.17216642754663,1502,23.294117647058822,736,0,0,48936,2008-08-20 07:11:34,0,-2,-1,0,0,0,0.0
76702,"I'm a grand prix
My father was a prix and his father before him",lynnbixenspan,2015-11-26 05:26:26,2,2,0,18.20738137082601,1258,4.388400702987698,579,0,0,14243,2010-06-12 23:08:20,0,-1,-1,-1,0,0,0.0
78137,This is the counter you order from at @carneytrain. It's discrimination!!!!!!!!!!! https://t.co/65DNtlBaOv,marcellacomedy,2015-12-17 20:27:28,20,4,0,25.22906898861353,3105,8.438044206296048,3673,0,0,8081,2009-09-30 02:42:37,0,-2,-1,0,0,0,0.0
158132,"Just got back from the dentist ||| Janet: Hey. 

Brad: Hey! What's up?

Janet: Just got back from the dentist. Had to have a cavity filled.

Brad: Which cavity?",leocadio62,2014-01-15,0,0,0,0,0,0,0,166.82814485387547,10017,0,0,1,0,-2,-1,0,0,0.0
12884,I'm not gonna lie - I totally crushed President's Day. http://t.co/0ykpUB4ze1,billyeichner,2015-02-16 23:54:13,139,8,0,710.2295514511874,14973,200.46437994722956,6365,0,0,479045,2009-09-16 06:33:53,0,-1,-2,0,0,0,0.0
98371,im going to hell in every religion,pakalupapito,2015-04-22 14:19:05,6364,5416,0,4901.15602189781,97798,4563.639598540146,97626,0,0,1494799,2013-07-10 06:20:32,0,-1,-2,0,0,0,0.0
146128,What's brown and sticky? ||| A stick.,headbanger1203,2013-04-10,0,0,0,0,0,0,0,166.82814485387547,10017,0,0,1,-2,-1,0,0,0,0.0
104503,What if we found out that candles aren't food?,robhuebel,2015-01-14 23:26:56,126,50,0,83.89421540428252,2692,43.97347395333973,1432,0,0,568159,2007-05-31 19:08:21,0,-1,-1,-1,0,0,0.0
96093,[Me to a tiny man in a Porsche who just revved his engine and winked at me] Who's driving who?,ohnoshetwitnt,2015-10-24 10:46:19,64,8,0,293.2448669201521,6463,93.5361216730038,2668,0,0,84929,2010-05-28 20:24:09,0,-2,1,-1,0,0,0.0
35402,Guys can I get personal for a second? I fucking love bagels,dilldoes,2015-01-21 11:54:35,25,5,0,49.45293072824156,1492,19.507992895204264,1161,0,0,6997,2013-07-29 06:28:13,0,-1,-2,1,0,0,0.0
181514,"What do rednecks do on Halloween? ||| Pump kin

hope its not a repost - its one of my old favs",limitless21,2014-10-31,0,0,1,0,0,0,0,166.82814485387547,10017,0,0,1,-1,-2,1,0,0,0.0
179056,What type of condoms does Ronald McDonald use? ||| McRibbed,robotdolphin,2014-10-13,0,0,12,0,0,0,0,166.82814485387547,10017,0,0,1,-1,-2,1,0,0,0.0
86644,I have been traded to the Montreal Expos.,mrgeorgewallace,2015-12-19 22:24:19,332,79,0,262.6325010950504,8076,103.4993429697766,4183,0,0,144244,2011-10-26 04:02:58,0,0,-1,-1,0,0,0.0
84681,when your soapbox racer loses control and plows into a bystander's dick https://t.co/PTJSTnlZNl,mobute,2016-02-15 18:58:05,47,13,0,87.17216642754663,1502,23.294117647058822,736,0,0,48936,2008-08-20 07:11:34,0,-1,0,-1,0,0,0.0
89956,When being extremely online is in your genes https://t.co/CZ3lXtJy1g,nickmullen,2015-12-25 00:33:09,31,4,0,93.27121771217712,3826,18.46217712177122,1329,0,0,18690,2009-04-18 17:10:12,0,1,-2,-1,0,0,0.0
149034,How many feminists does it take to change a lightbulb? ||| Trick question. Feminists can't change anything.,plzkillme,2013-06-09,0,0,103,0,0,0,0,166.82814485387547,10017,0,0,1,-2,1,-1,0,0,0.0
173927,"How can you spot a Jewish Pedofile? ||| He's the guy in the creepy van rolling up to kids and asking ""Hey kids, you want to buy some candy?""",Overclass,2014-09-06,0,0,3,0,0,0,0,166.82814485387547,10017,0,0,1,-2,1,-1,0,0,0.0
147944,"Why don't girls go to.... ||| Why don't girls go to the bathroom after having sex?

Have you ever tried opening a grilled cheese sandwich?!",chetstedman,2013-05-17,0,0,0,0,0,0,0,166.82814485387547,10017,0,0,1,-2,-1,1,0,0,0.0
112072,"THE FORCE AWAKENS (2015)

versus

CREED (2015)

Which is better?

CREED

SCORECARD

ROCKY - 6
STAR WARS - 3",scharpling,2015-12-31 04:57:08,57,14,0,73.5042735042735,1280,21.43482905982906,450,0,0,100803,2008-12-01 02:36:33,0,0,-1,-1,0,0,0.0
147078,PMS is a myth ||| It's really just an ovary action.,rutterkin,2013-04-30,0,0,91,0,0,0,0,166.82814485387547,10017,0,0,1,1,-2,-1,0,0,0.0
167423,"American ||| A man from Israel got his citizenship, I guess you could say he Israeli American now",bag-pipes,2014-07-06,0,0,4,0,0,0,0,166.82814485387547,10017,0,0,1,-2,1,-1,0,0,0.0
180891,"A sadist, a masochist, a nymphomaniac, a pyromaniac, and a necrophiliac.... ||| A sadist, a masochist, a beastialist, a pyromaniac, and a necrophiliac see a cat.

The sadist says ""let's kick the fucker""
The beastialist says ""let's fuck him first, and then kick him""
the pyromania says "" let's fuck him first, then kick him, then set him on fire""
the necrophiliac says ""we'll fuck him, then kick him, then set him on fire, then fuck him again""
the masochist says ""meow""",ter8pinstation,2014-10-26,0,0,0,0,0,0,0,166.82814485387547,10017,0,0,1,-2,-1,1,0,0,0.0
78827,When a group of people are talkin about diversity and you're the only brown person in the room http://t.co/hvt7JFsL96,marcellacomedy,2015-09-25 22:59:17,33,10,0,25.22906898861353,3105,8.438044206296048,3673,0,0,8081,2009-09-30 02:42:37,0,-2,-1,1,0,0,0.0
41323,"Lotta people are like ""Who will drink Mars water?"" You know what, I'll do it. Haven't gotten food poisoning in like 20+ years. I'm your man.",eastwes,2015-09-28 16:14:22,2,0,0,14.337982832618026,8032,11.870171673819742,9468,0,0,2069,2009-10-01 15:13:03,0,-1,0,-1,0,0,0.0
165183,"One evening a Navy Seal, a Marine Recon, and a Ranger were camping... ||| The Seal started boasting, ""I'm so tough, I can kill a man 30 different ways with my hand."" 

The Recon says, ""Hell that's nothing. I'm such a badass I can kill a man 50 different ways with my thumb!""

The Ranger says nothing.

 Just smiles and nods and stirs the fire with his dick.


(told to me during Basic Training by a Ranger Drill Sergeant.) ",blulink,2014-06-06,0,0,5,0,0,0,0,166.82814485387547,10017,0,0,1,1,-2,-1,0,0,0.0
17053,"In spite of all our differences, there's one thing everyone in this traffic jam can agree on: fuck that guy in the motorcycle passing us",bornferal,2014-04-17 02:22:13,19,2,0,28.86639824304539,633,6.861273792093704,5021,0,0,26227,2010-12-05 22:53:11,0,-2,-1,1,0,0,0.0
169885,"What's the difference between family bonding and family bondage? ||| One is forced and borderline torture, the other is sex. ",guess_my_password,2014-08-02,0,0,18,0,0,0,0,166.82814485387547,10017,0,0,1,-2,-1,1,0,0,0.0
82560,To teach kids about anatomy i fill my Princess Elsa piñatas with human intestines,meganamram,2015-07-01 05:01:05,751,241,0,810.051689860835,20487,287.64811133200794,13868,0,0,500376,2009-04-25 13:05:18,0,-2,-1,1,0,0,0.0
158858,"My grandpa always had it had on my generation... ||| My Grandpa said, ""Your generation relies too much on technology!""

I replied, ""No, your generation relies too much on technology!""

I then proceeded to unplug his life support.
",Coolilo,2014-02-01,0,0,112,0,0,0,0,166.82814485387547,10017,0,0,1,-2,-1,1,0,0,0.0
154486,"What is the difference between ""ooo"" and ""aaa""? ||| About three centimeters. ",BurnerAccount001,2013-10-11,0,0,16,0,0,0,0,166.82814485387547,10017,0,0,1,-1,0,-1,0,0,0.0
182155,You know what a Freudian slip is? ||| It's where you say one thing and fuck your mother.,You_shallnot_fap,2014-11-05,0,0,5,0,0,0,0,166.82814485387547,10017,0,0,1,-1,-2,1,0,0,0.0
162203,What is it called when you mix Alcohol and Literature? ||| Tequila Mockingbird. (X-post /r/waterpuns),not_so_smart_asian,2014-04-22,0,0,24,0,0,0,0,166.82814485387547,10017,0,0,1,0,-1,-1,0,0,0.0
155691,"A guy got his girlfriend Wendy's name tattooed on his penis... ||| A guy got his girlfriend Wendy's name tattooed on his penis so when they were making love she would see her
name. While visiting Jamaica the guy was in the men's room and noticed a WY tattooed on another guys penis. He asked if he also had a girl friend named Wendy. The other guy asked why he would think that and he pointed to the WY. ""Oh, no, mon. My tattoo say Welcome to Jamaica have a nice day.""",jesushatedbacon,2013-11-13,0,0,6,0,0,0,0,166.82814485387547,10017,0,0,1,1,-2,-1,0,0,0.0
154855,"At the Psychiatrist ||| Doctor: What are your feelings about your father?
Joe: I don’t have any feelings.
Doctor: What are your feelings about your mother?
Joe: I don't have any feelings.
Doctor: You have no feelings for your mother or father?  Why?
Joe: I'm an orphan.
",CharlesKincaid,2013-10-23,0,0,0,0,0,0,0,166.82814485387547,10017,0,0,1,0,-2,0,0,0,0.0
98782,how many chainz could 2 chainz chain if 2 chainz could chain chainz,pakalupapito,2015-01-03 02:01:00,1357,1331,0,4901.15602189781,97798,4563.639598540146,97626,0,0,1494799,2013-07-10 06:20:32,0,1,-2,-1,0,0,0.0
120242,"when i imagine Donald Trump at a molecular level, he's just made entirely of tiny Donald Trumps all linking arms &amp; tesselated",shutupmikeginn,2015-04-15 02:20:54,750,223,0,1158.425806451613,27764,458.7881720430108,17439,0,0,132497,2011-02-02 18:21:51,0,-1,-2,1,0,0,0.0
155920,"I've been playing this online game where you mostly end up immobilised and eaten alive by insects. ||| It's alright, but just feels like another form of e-scaphism.",GettinEtDone,2013-11-18,0,0,0,0,0,0,0,166.82814485387547,10017,0,0,1,-2,0,0,0,0,0.0
155746,"A large plane crashed... ||| A large jet plane crashed on a farm in the middle of rural Kentucky. Panic stricken, the local sheriff mobilized and descended on the farm in force. By the time they got there, the aircraft was totally destroyed with only a burned hull left, smoldering in a tree line that bordered the farm.


The sheriff and his men entered the smoking mess but could find no remains of anyone. They spotted the farmer plowing a field not too far away as if nothing had happened. They hurried over to the man's tractor. ""Hank,"" the sheriff yelled, panting and out of breath.


""Did you see this terrible accident happen?"" ""Yep. Sure did,"" the farmer mumbled unconcerned, cutting off the tractor's engine. Do you realize that is Air Force One, the airplane of the President of the United States?"" ""Yep."" ""Were there any survivors?"" ""Nope. They's all kilt straight out, ""the farmer answered. ""I done buried them all myself. Took me most of the morning."" ""President Obama is dead?"" the sheriff asked. ""Well,"" the farmer grumbled, restarting his tractor.
""He kept a-saying he wasn't . . . But you know how bad that sumbitch lies.",proROKexpat,2013-11-14,0,0,8,0,0,0,0,166.82814485387547,10017,0,0,1,-2,1,-1,0,0,0.0
121147,A holiday wish from Dr. Eggman. http://t.co/52E8gNteV0,sonic_hedgehog,2014-12-22 23:00:04,330,228,0,350.3631090487239,12773,191.2354988399072,8597,0,0,286986,2009-01-27 19:11:50,0,0,-1,-1,0,0,0.0
164312,"Sure I'll paint the Sistene Chapel! ||| ""Sure I'll paint the Sistene Chapel,"" said ~~Da Vinci~~ Michelangelo ...with distaste.  

""But I'm gonna paint dicks all over it.""


 

^EDIT- ^Got ^my ^Ninja ^Turtles ^mixed ^up.",LFNB2613,2014-05-27,0,0,0,0,0,0,0,166.82814485387547,10017,0,0,1,-2,-1,1,0,0,0.0
79730,My bud just told me he stopped taking Ambien bc once he woke up w Lyft receipts and in a committed relationship with a person he'd never met,markagee,2015-11-15 00:19:01,53,12,0,53.22139830508475,3240,20.103813559322035,3609,0,0,12994,2009-09-01 20:24:37,0,-2,1,-1,0,0,0.0
173486,"Two sperms swimming ||| Two sperms swimming through a girls body. After a while one sperm looks at the other and says""we've been swimming forever! How much farther until we hit the ovaries?"" The other sperm starts laughing and replies "" ovaries?! We're not even halfway down the esophagus yet!""",Beer_h3re,2014-09-02,0,0,135,0,0,0,0,166.82814485387547,10017,0,0,1,-2,1,-1,0,0,0.0
150587,"After decades of study, scientists finally decode whale song. ||| ""Moo. Moo. Moooooooooo. Moo.""",HetanaHatena,2013-07-13,0,0,0,0,0,0,0,166.82814485387547,10017,0,0,1,0,-1,-1,0,0,0.0
160622,I was worried my circle jerk wouldn't go as planned... ||| but in the end everyone came together.,tab527,2014-03-17,0,0,20,0,0,0,0,166.82814485387547,10017,0,0,1,-1,1,-1,0,0,0.0
167338,What do I have in common with Franz Kafka? ||| Neither of us have finished The Castle.,spyushka,2014-07-04,0,0,7,0,0,0,0,166.82814485387547,10017,0,0,1,2,-2,-1,0,0,0.0
181647,"How the Amish got their name ||| This people moved to Pennsylvania and tried to be holy, renouce newfangled worldly things.  They tried to be like the lord but they recognized the couldn't.

""'I am who I am,' saith the Lord.""  

""I can't quite say 'I am', said the aspiring-to-be-holy-Pennsylvanian, but I am . . . Am-ish""

*click the top red arrow to upvote*",Earthsophagus,2014-11-01,0,0,0,0,0,0,0,166.82814485387547,10017,0,0,1,-2,1,0,0,0,0.0
50433,Trump has the calm braggadocio of a young Saddam Hussein,hamptonyount,2015-11-09 02:48:16,15,3,0,18.250752256770312,576,3.2377131394182546,190,0,0,8422,2010-06-07 08:39:44,0,0,-2,1,0,0,0.0
44846,"[a thousand spiders explode from my birthday cake]
""ARGHHH""
[they get into formation &amp; start ballroom dancing]
""oh hell yea actually""",fred_delicious,2015-09-17 13:37:06,2510,1089,0,524.0530108080288,17369,207.54143077714875,12098,0,0,123146,2012-08-28 19:38:31,0,1,-1,-1,0,0,0.0
147272,"Nunnery pervert ||| A young pervert moved next to a nunnery and started devising plans of how he could take advantage of the fact that none of these nuns had ever seen a man naked before

So he took an old slot machine painted crosses on the dials and hollowed it out. One night he snuck the slot machine next to the enterence of the nunnery and hopped inside. In the morning he stuck his dick through the hole for the handle in hopes the nuns wouldn't be the wiser.

The first nun who came across the pervert said to herself ""I know gambling is a sin, but if there are crosses I suppose it's okay."" And she pulled the handle. All through the day nuns were playing the new slot machine as if it were a new game.

Close to noon the whole nunnery was startled by a loud and sudden scream coming from a young nun outside. All the nuns rushed out and asked what was wrong!

""I won the jackpot!"" She said

""What did you win?"" Asked a fellow sister

""I was determined to win the game so I kept playing and low and behold I win some hand creme!""",Parad0x13,2013-05-04,0,0,0,0,0,0,0,166.82814485387547,10017,0,0,1,-1,1,-1,0,0,0.0
158964,"Cataract Surgery ||| An Asian man walks into the eye doctor for a check up, the doctor asks, ""Do you have Cataracts?""

The Asian man replies, ""No, me have Hondas.""",Shangtia,2014-02-04,0,0,0,0,0,0,0,166.82814485387547,10017,0,0,1,-1,1,-1,0,0,0.0
95299,Sometimes I think about quitting Twitter but then I'd have to leave the house if I wanted to know what strange angry men think of me.,ohnoshetwitnt,2016-02-13 20:54:58,442,96,0,293.2448669201521,6463,93.5361216730038,2668,0,0,84929,2010-05-28 20:24:09,0,-1,-1,1,0,0,0.0
55115,"DAY 1: It's going well
DAY 2: Things feel tense
DAY 3: Happiness dwindling, hope fading
DAY 4: She says this date has been going on too long",home_halfway,2016-03-16 23:18:01,189,48,0,161.34183082271147,9054,57.00811123986095,5329,0,0,44410,2012-06-12 16:25:41,0,-1,1,-1,0,0,0.0
144041,"""Those who can't do, teach..."" ||| And those who can't teach... [teach gym.](/spoiler)  ",Wubbledaddy,2013-02-24,0,0,10,0,0,0,0,166.82814485387547,10017,0,0,1,-1,-1,1,0,0,0.0
13699,"""You stand charged of tax evasion and fraud.""
""Your Honor, my defense is that, during Lobsterfest at Red Lobster, there are no rules""",bobbybigwheel,2016-02-03 02:25:20,44,22,0,58.009433962264154,8319,30.119738751814225,8670,0,0,28702,2009-09-26 23:57:58,0,-1,1,-1,0,0,0.0
173967,*Breaking news* The inventor of the anagram has died ||| may he 'erect a penis'.,ThomasMarsch,2014-09-06,0,0,2,0,0,0,0,166.82814485387547,10017,0,0,1,-1,-1,1,0,0,0.0
169850,Sex in front of a mirror. ||| I really see myself doing it.,BadleeGuy,2014-08-02,0,0,5,0,0,0,0,166.82814485387547,10017,0,0,1,-1,-1,1,0,0,0.0
165415,How many lawyers does it take to screw in a light bulb? ||| Depends on how many cops planted it there,lolalodge,2014-06-09,0,0,19,0,0,0,0,166.82814485387547,10017,0,0,1,-1,-2,2,0,0,0.0
144568,"A man sent ten puns to his friends, hoping at least one would make them laugh ||| No pun in ten did.",tumbling_after,2013-03-07,0,0,99,0,0,0,0,166.82814485387547,10017,0,0,1,0,1,-2,0,0,0.0
149755,What do you call white people sitting on a bench ||| The nba,mdaugh7,2013-06-23,0,0,122,0,0,0,0,166.82814485387547,10017,0,0,1,-1,-2,2,0,0,0.0
182600,"""Hey man, for our grammer project, do you think we might get an A?"" ||| ""We shall C""",Batchet,2014-11-08,0,0,0,0,0,0,0,166.82814485387547,10017,0,0,1,-2,0,1,0,0,0.0
167535,"One night, a father overheard his son saying his prayers. ||| ""God bless Mommy and Daddy and Grammy. Goodbye Grampa.""
Well, the father thought it was strange, but he soon forgot about it. The next day, the Grandfather died. About a month or two later the father heard his son saying his prayers again ""God bless Mommy and Daddy. Goodbye Grammy.""
The next day the grandmother died. Well, the father was getting more than a little worried about the whole situation. Two weeks later, the father once again overheard his sons prayers. ""God Bless Mommy. Good bye Daddy.""
This alone nearly gave the father a heart attack. He didn't say anything but he got up early to go to work, so that he would miss the traffic. He stayed all through lunch and dinner. Finally after midnight he went home. He was still alive! When he got home he apologized to his wife. ""I am sorry Honey. I had a very bad day at work today."" ""You think you've had a bad day? YOU THINK YOU'VE HAD A BAD DAY!?"", the wife yelled, ""The mailman dropped dead on my doorstep this morning!""",malleus__maleficarum,2014-07-08,0,0,12,0,0,0,0,166.82814485387547,10017,0,0,1,0,-2,1,0,0,0.0
181548,What's the difference between a pizza and my pizza jokes? ||| My pizza jokes *can't be topped!*,vossbot,2014-10-31,0,0,28,0,0,0,0,166.82814485387547,10017,0,0,1,-1,-1,1,0,0,0.0
134209,"In the 48 songs where Springsteen mentions a factory, 11 of them are actually about a Cheesecake Factory.",usedwigs,2015-01-11 03:04:57,114,25,0,36.99818181818182,1464,7.5218181818181815,745,0,0,9143,2008-08-07 16:32:49,0,-2,1,0,0,0,0.0
175929,"A middle aged woman goes to a plastic surgeon.... ||| And says, ""Look, doc, I'm feeling a little saggy and wrinkly in the face, but I live out in the country and I don't want to have to keep coming back to see you, so give me something that lasts.""

The doctor says, ""well you're in luck. There's a new product on the market called 'The Knob.' Basically, we install this small knob on the back of you head and if you ever want a little skin tightening, you just give it a quarter turn.""

The woman thinks this sounds great so she has the surgery.

She shows up to the plastic surgeon's office 15 years later and says, ""Hey, doc, this thing has been great but lately I've been noticing these bags under my eyes that won't go away.""

The surgeon says, ""Yes that is a complication we didn't anticipate. Those aren't just bags under your eyes--those are your breasts.""

She sighs and says, ""well I guess that explains the goatee.""",BeefScore,2014-09-20,0,0,24,0,0,0,0,166.82814485387547,10017,0,0,1,-1,-1,1,0,0,0.0
165694,What did Arnold Schwarzenegger say when he and his friends decided to dress up as famous composers for Halloween? ||| I'll be Bach,costerluver,2014-06-13,0,0,5,0,0,0,0,166.82814485387547,10017,0,0,1,-1,-1,1,0,0,0.0
185608,Why aren't the Italians afraid of the biscuit? ||| Because it ain't nothing butter biscuit!!!,khemical_burns,2014-11-29,0,0,0,0,0,0,0,166.82814485387547,10017,0,0,1,-1,0,0,0,0,0.0
25738,"Doctor, we lost him, he's dead 
Not on my watch!
*slides watch from underneath patient*
I should stop wearing this during surgeries",ch000ch,2013-08-09 03:05:38,120,81,0,696.3335025380711,52097,299.148730964467,40143,0,0,114993,2011-01-24 17:14:48,0,-2,0,1,0,0,0.0
24769,"oh sure it's ok to walk around with an assault rifle at Target but my antique harpoon is ""frightening the other shoppers""",ch000ch,2014-07-07 00:19:35,419,142,0,696.3335025380711,52097,299.148730964467,40143,0,0,114993,2011-01-24 17:14:48,0,2,-2,-1,0,0,0.0
6187,NEW ANTI-DEPRESSANT IDEA: Becoming friends with Chris Pratt,asterios,2016-02-01 09:58:49,26,4,0,25.23008356545961,1780,8.106963788300837,1066,0,0,9256,2007-06-23 00:46:12,0,1,0,-2,0,0,0.0
41648,This nice new ad campaign for Sesame Street on HBO might finally be the push my 3-year old needs to sign up for HBO https://t.co/GCXn0F4ln6,electrolemon,2015-12-24 19:39:48,233,32,0,629.1044386422976,52602,233.2845953002611,39072,0,0,66161,2008-07-06 07:54:20,0,-1,-1,1,0,0,0.0
